Year,Average MPG
1970,17.689655172413794
1971,21.25
1972,18.714285714285715
1973,17.1
1974,22.703703703703702
1975,20.266666666666666
1976,21.573529411764707
1977,23.375
1978,24.061111111111114
1979,25.09310344827585
1980,33.696551724137926
1981,30.33448275862069
1982,31.70967741935484
